{
  "source": "Indiana Gateway for Government Units",
  "source_url": "https://gateway.ifionline.org",
  "last_updated": "2025-12-29",
  "data_description": "Actual reported disbursements for employee benefits from Indiana municipalities",
  "total_municipalities": 15,
  "municipalities": [
    {
      "name": "Indianapolis",
      "year": "2024",
      "total_annual_benefits": 7009191.709999999,
      "breakdown": {
        "health_insurance": 4762209.83,
        "retirement": 633458.84,
        "dental_vision": 401840.65,
        "life_insurance": 185692.65,
        "other": 1025989.7399999984
      },
      "estimated_employees": 701,
      "employee_count_method": "estimated_from_benefits_total",
      "monthly_per_employee_estimate": 833.24
    },
    {
      "name": "Fort Wayne",
      "year": "2024",
      "total_annual_benefits": 3984069.11,
      "breakdown": {
        "health_insurance": 2607117.3000000003,
        "retirement": 386055.24,
        "dental_vision": 179498.44999999998,
        "life_insurance": 94675.33000000002,
        "other": 716722.7899999996
      },
      "estimated_employees": 398,
      "employee_count_method": "estimated_from_benefits_total",
      "monthly_per_employee_estimate": 834.19
    },
    {
      "name": "Evansville",
      "year": "2024",
      "total_annual_benefits": 3086676.8899999997,
      "breakdown": {
        "health_insurance": 1898362.01,
        "retirement": 380427.15,
        "dental_vision": 177834.63000000003,
        "life_insurance": 80202.76000000001,
        "other": 549850.3399999999
      },
      "estimated_employees": 309,
      "employee_count_method": "estimated_from_benefits_total",
      "monthly_per_employee_estimate": 832.44
    },
    {
      "name": "Gary",
      "year": "2024",
      "total_annual_benefits": 2490854.19,
      "breakdown": {
        "health_insurance": 1616141.76,
        "retirement": 240567.78000000003,
        "dental_vision": 151437.09,
        "life_insurance": 65534.22,
        "other": 417173.33999999985
      },
      "estimated_employees": 249,
      "employee_count_method": "estimated_from_benefits_total",
      "monthly_per_employee_estimate": 833.62
    },
    {
      "name": "Fishers",
      "year": "2024",
      "total_annual_benefits": 2484155.4399999995,
      "breakdown": {
        "health_insurance": 1496157.27,
        "retirement": 275547.02,
        "dental_vision": 160953.53999999998,
        "life_insurance": 68602.44,
        "other": 482895.16999999946
      },
      "estimated_employees": 248,
      "employee_count_method": "estimated_from_benefits_total",
      "monthly_per_employee_estimate": 834.73
    },
    {
      "name": "Lafayette",
      "year": "2024",
      "total_annual_benefits": 2053312.8399999999,
      "breakdown": {
        "health_insurance": 1339613.9500000002,
        "retirement": 235690.01,
        "dental_vision": 114724.28,
        "life_insurance": 41923.9,
        "other": 321360.6999999997
      },
      "estimated_employees": 205,
      "employee_count_method": "estimated_from_benefits_total",
      "monthly_per_employee_estimate": 834.68
    },
    {
      "name": "Noblesville",
      "year": "2024",
      "total_annual_benefits": 1441743.6600000001,
      "breakdown": {
        "health_insurance": 881817.3400000001,
        "retirement": 205164.64000000004,
        "dental_vision": 87207.19,
        "life_insurance": 37177.95,
        "other": 230376.54000000004
      },
      "estimated_employees": 144,
      "employee_count_method": "estimated_from_benefits_total",
      "monthly_per_employee_estimate": 834.34
    },
    {
      "name": "Kokomo",
      "year": "2024",
      "total_annual_benefits": 1221943.51,
      "breakdown": {
        "health_insurance": 805421.26,
        "retirement": 144782.62,
        "dental_vision": 67699.19,
        "life_insurance": 27643.41,
        "other": 176397.0299999999
      },
      "estimated_employees": 122,
      "employee_count_method": "estimated_from_benefits_total",
      "monthly_per_employee_estimate": 834.66
    },
    {
      "name": "Anderson",
      "year": "2024",
      "total_annual_benefits": 1112824.21,
      "breakdown": {
        "health_insurance": 700905.65,
        "retirement": 153492.44999999995,
        "dental_vision": 53891.07,
        "life_insurance": 16946.460000000003,
        "other": 187588.58000000007
      },
      "estimated_employees": 111,
      "employee_count_method": "estimated_from_benefits_total",
      "monthly_per_employee_estimate": 835.45
    },
    {
      "name": "Lawrence",
      "year": "2024",
      "total_annual_benefits": 783488.3499999999,
      "breakdown": {
        "health_insurance": 496431.13000000006,
        "retirement": 97280.92,
        "dental_vision": 43920.37,
        "life_insurance": 21154.16,
        "other": 124701.76999999979
      },
      "estimated_employees": 78,
      "employee_count_method": "estimated_from_benefits_total",
      "monthly_per_employee_estimate": 837.06
    },
    {
      "name": "Columbus",
      "year": "2024",
      "total_annual_benefits": 527843.9899999999,
      "breakdown": {
        "health_insurance": 367383.88000000006,
        "retirement": 48335.1,
        "dental_vision": 30947.02,
        "life_insurance": 12427.619999999999,
        "other": 68750.36999999982
      },
      "estimated_employees": 53,
      "employee_count_method": "estimated_from_benefits_total",
      "monthly_per_employee_estimate": 829.94
    },
    {
      "name": "Portage",
      "year": "2024",
      "total_annual_benefits": 519652.66000000003,
      "breakdown": {
        "health_insurance": 257327.92,
        "retirement": 83079.55,
        "dental_vision": 44185.03,
        "life_insurance": 17322.64,
        "other": 117737.52000000002
      },
      "estimated_employees": 52,
      "employee_count_method": "estimated_from_benefits_total",
      "monthly_per_employee_estimate": 832.78
    },
    {
      "name": "Valparaiso",
      "year": "2024",
      "total_annual_benefits": 486133.80999999994,
      "breakdown": {
        "health_insurance": 291878.76,
        "retirement": 62942.64,
        "dental_vision": 27657.280000000002,
        "life_insurance": 13443.99,
        "other": 90211.1399999999
      },
      "estimated_employees": 49,
      "employee_count_method": "estimated_from_benefits_total",
      "monthly_per_employee_estimate": 826.76
    },
    {
      "name": "Goshen",
      "year": "2024",
      "total_annual_benefits": 472103.52999999997,
      "breakdown": {
        "health_insurance": 319222.5800000001,
        "retirement": 50306.97,
        "dental_vision": 25922.36,
        "life_insurance": 8918.17,
        "other": 67733.44999999995
      },
      "estimated_employees": 47,
      "employee_count_method": "estimated_from_benefits_total",
      "monthly_per_employee_estimate": 837.06
    },
    {
      "name": "Elkhart",
      "year": "2024",
      "total_annual_benefits": 426868.9099999999,
      "breakdown": {
        "health_insurance": 279757.26,
        "retirement": 55580.829999999994,
        "dental_vision": 23545.92,
        "life_insurance": 9339.130000000001,
        "other": 58645.7699999999
      },
      "estimated_employees": 43,
      "employee_count_method": "estimated_from_benefits_total",
      "monthly_per_employee_estimate": 827.27
    }
  ],
  "methodology": {
    "data_source": "Annual Financial Report - Disbursements by Department",
    "keywords_searched": [
      "health insurance",
      "medical insurance",
      "health benefit",
      "dental insurance",
      "vision insurance",
      "vision care",
      "life insurance",
      "disability insurance",
      "employee benefit",
      "fringe benefit",
      "PERF",
      "retirement",
      "pension",
      "wellness",
      "EAP",
      "employee assistance",
      "flexible spending",
      "FSA",
      "HSA",
      "workers comp",
      "unemployment insurance",
      "social security",
      "medicare"
    ],
    "reliability": "HIGH - State-verified actual disbursements",
    "employee_counts": "Estimated from benefits totals where not directly reported"
  },
  "summary_statistics": {
    "monthly_per_employee": {
      "min": 826.76,
      "25th_percentile": 832.61,
      "median": 834.19,
      "75th_percentile": 834.7,
      "90th_percentile": 836.42,
      "max": 837.06,
      "mean": 833.21
    }
  }
}